{"sigma_eff": 0.37049186049516114, "popt": [1.487535250988091, 0.38166948674428036], "chisq": 41.56355530674445, "p_value": 7.218229217666125e-08}